Workbook

Sheet sales_data
F6: Employee ID | G6: Employee Name | H6: Region | I6: Product ID | J6: Units Sold | K6: Sales Amount | M6: price per unit | O6: Total Sales Value | Q6: productname | R6: price per unit
F7: E101 | G7: Rahul Mehta | H7: North | I7: P001 | J7: 15 | K7: 45000 | M7: =K7/J7 -> 3000 | O7: =J7*M7 -> 45000 | Q7: =VLOOKUP(I7,product_master!$C$5:$F$9,2,FALSE) -> Laptop | R7: =VLOOKUP(sales_data!I7,product_master!$C$5:$F$9,4,FALSE) -> 3000
F8: E102 | G8: Priya Sharma | H8: South | I8: P002 | J8: 20 | K8: 60000 | M8: =K8/J8 -> 3000 | O8: =J8*M8 -> 60000 | Q8: =VLOOKUP(I8,product_master!$C$5:$F$9,2,FALSE) -> Smartphone | R8: =VLOOKUP(sales_data!I8,product_master!$C$5:$F$9,4,FALSE) -> 3000
F9: E103 | G9: Aman Verma | H9: East | I9: P003 | J9: 10 | K9: 35000 | M9: =K9/J9 -> 3500 | O9: =J9*M9 -> 35000 | Q9: =VLOOKUP(I9,product_master!$C$5:$F$9,2,FALSE) -> Headphones | R9: =VLOOKUP(sales_data!I9,product_master!$C$5:$F$9,4,FALSE) -> 3500
F10: E104 | G10: Sneha Patel | H10: West | I10: P004 | J10: 25 | K10: 125000 | M10: =K10/J10 -> 5000 | O10: =J10*M10 -> 125000 | Q10: =VLOOKUP(I10,product_master!$C$5:$F$9,2,FALSE) -> Printer | R10: =VLOOKUP(sales_data!I10,product_master!$C$5:$F$9,4,FALSE) -> 5000
F11: E105 | G11: Rohan Gupta | H11: North | I11: P005 | J11: 12 | K11: 48000 | M11: =K11/J11 -> 4000 | O11: =J11*M11 -> 48000 | Q11: =VLOOKUP(I11,product_master!$C$5:$F$9,2,FALSE) -> Monitor | R11: =VLOOKUP(sales_data!I11,product_master!$C$5:$F$9,4,FALSE) -> 4000
F12: E106 | G12: Meena Iyer | H12: East | I12: P002 | J12: 18 | K12: 54000 | M12: =K12/J12 -> 3000 | O12: =J12*M12 -> 54000 | Q12: =VLOOKUP(I12,product_master!$C$5:$F$9,2,FALSE) -> Smartphone | R12: =VLOOKUP(sales_data!I12,product_master!$C$5:$F$9,4,FALSE) -> 3000
F13: E107 | G13: Deepak Rao | H13: South | I13: P003 | J13: 22 | K13: 77000 | M13: =K13/J13 -> 3500 | O13: =J13*M13 -> 77000 | Q13: =VLOOKUP(I13,product_master!$C$5:$F$9,2,FALSE) -> Headphones | R13: =VLOOKUP(sales_data!I13,product_master!$C$5:$F$9,4,FALSE) -> 3500
F14: E108 | G14: Kavita Das | H14: West | I14: P001 | J14: 30 | K14: 90000 | M14: =K14/J14 -> 3000 | O14: =J14*M14 -> 90000 | Q14: =VLOOKUP(I14,product_master!$C$5:$F$9,2,FALSE) -> Laptop | R14: =VLOOKUP(sales_data!I14,product_master!$C$5:$F$9,4,FALSE) -> 3000
F15: E109 | G15: Ajay Nair | H15: North | I15: P004 | J15: 14 | K15: 70000 | M15: =K15/J15 -> 5000 | O15: =J15*M15 -> 70000 | Q15: =VLOOKUP(I15,product_master!$C$5:$F$9,2,FALSE) -> Printer | R15: =VLOOKUP(sales_data!I15,product_master!$C$5:$F$9,4,FALSE) -> 5000
F16: E110 | G16: Neha Kulkarni | H16: East | I16: P005 | J16: 8 | K16: 32000 | M16: =K16/J16 -> 4000 | O16: =J16*M16 -> 32000 | Q16: =VLOOKUP(I16,product_master!$C$5:$F$9,2,FALSE) -> Monitor | R16: =VLOOKUP(sales_data!I16,product_master!$C$5:$F$9,4,FALSE) -> 4000
E18: region | F18: north | G18: south | H18: east | I18: west | N18: total revenue generate | O18: =SUM(O7:O16) -> 636000
E19: Actual sales | F19: =SUMIF($H$7:$H$16,H7,$K$7:$K$16) -> 163000 | G19: =SUMIF($H$7:$H$16,H8,$K$7:$K$16) -> 137000 | H19: =SUMIF($H$7:$H$16,H9,$K$7:$K$16) -> 121000 | I19: =SUMIF($H$7:$H$16,H10,$K$7:$K$16) -> 215000

Sheet product_master
C4: Product ID | D4: Product Name | E4: Category | F4: Price per Unit | H4: vlookup productname | J4: vlookup priceperunit
C5: P001 | D5: Laptop | E5: Electronics | F5: 3000 | H5: {=VLOOKUP(sales_data!F20=sumD5,$C$5:$F$9,2,FALSE)} -> #NAME? | J5: =VLOOKUP(F5,$C$5:$F$9,4,FALSE) -> #N/A
C6: P002 | D6: Smartphone | E6: Electronics | F6: 3000
C7: P003 | D7: Headphones | E7: Accessories | F7: 3500
C8: P004 | D8: Printer | E8: Office Supplies | F8: 5000
C9: P005 | D9: Monitor | E9: Electronics | F9: 4000

Sheet monthly_target
C4: Region | D4: North | E4: South | F4: East | G4: West
C5: Target Sales | D5: 150000 | E5: 140000 | F5: 120000 | G5: 160000
C6: Actual sales | D6: 163000 | E6: 137000 | F6: 121000 | G6: 215000
C7: Result | D7: =IF(D6>=D5,"Achieved","not achieved") -> Achieved | E7: =IF(E6>=E5,"Achieved","not achieved") -> not achieved | F7: =IF(F6>=F5,"Achieved","not achieved") -> Achieved | G7: =IF(G6>=G5,"Achieved","not achieved") -> Achieved
